<?xml version="1.0" encoding="UTF-8" standalone="yes"?>
<addon id="repository.Mirepor" name="[COLOR red]Mi Repositorio[/COLOR] Repo" version="1.0.2" provider-name="Ral ">
    <extension point="xbmc.addon.repository" name="Mi repositorio">
        <info>https://raw.githubusercontent.com/raltango/Repo_RAL/master/Repositorio/addons.xml</info>
        <checksum>https://raw.githubusercontent.com/raltango/Repo_RAL/master/Repositorio/addons.xml.md5</checksum>
        <datadir zip="true">https://raw.githubusercontent.com/raltango/master/Repositorio/</datadir>
    </extension>
    <extension point="xbmc.addon.metadata">
        <summary>Mis pruebas</summary>
        <description></description>
        <disclaimer></disclaimer>
        <platform>all</platform>
    </extension>
</addon>
